-- MySQL dump 10.13  Distrib 5.6.23, for linux-glibc2.5 (i686)
--
-- Host: localhost    Database: cloud
-- ------------------------------------------------------
-- Server version	5.5.22-0ubuntu1

/*!40101 SET @OLD_CHARACTER_SET_CLIENT=@@CHARACTER_SET_CLIENT */;
/*!40101 SET @OLD_CHARACTER_SET_RESULTS=@@CHARACTER_SET_RESULTS */;
/*!40101 SET @OLD_COLLATION_CONNECTION=@@COLLATION_CONNECTION */;
/*!40101 SET NAMES utf8 */;
/*!40103 SET @OLD_TIME_ZONE=@@TIME_ZONE */;
/*!40103 SET TIME_ZONE='+00:00' */;
/*!40014 SET @OLD_UNIQUE_CHECKS=@@UNIQUE_CHECKS, UNIQUE_CHECKS=0 */;
/*!40014 SET @OLD_FOREIGN_KEY_CHECKS=@@FOREIGN_KEY_CHECKS, FOREIGN_KEY_CHECKS=0 */;
/*!40101 SET @OLD_SQL_MODE=@@SQL_MODE, SQL_MODE='NO_AUTO_VALUE_ON_ZERO' */;
/*!40111 SET @OLD_SQL_NOTES=@@SQL_NOTES, SQL_NOTES=0 */;

--
-- Table structure for table `download`
--

DROP TABLE IF EXISTS `download`;
/*!40101 SET @saved_cs_client     = @@character_set_client */;
/*!40101 SET character_set_client = utf8 */;
CREATE TABLE `download` (
  `downloadId` int(11) NOT NULL AUTO_INCREMENT,
  `userId` int(11) NOT NULL,
  `resourceId` int(11) NOT NULL,
  `downloadTime` varchar(50) NOT NULL,
  PRIMARY KEY (`downloadId`)
) ENGINE=InnoDB AUTO_INCREMENT=2 DEFAULT CHARSET=utf8;
/*!40101 SET character_set_client = @saved_cs_client */;

--
-- Dumping data for table `download`
--

LOCK TABLES `download` WRITE;
/*!40000 ALTER TABLE `download` DISABLE KEYS */;
INSERT INTO `download` VALUES (1,1,1,'2015-1-1');
/*!40000 ALTER TABLE `download` ENABLE KEYS */;
UNLOCK TABLES;

--
-- Table structure for table `folder`
--

DROP TABLE IF EXISTS `folder`;
/*!40101 SET @saved_cs_client     = @@character_set_client */;
/*!40101 SET character_set_client = utf8 */;
CREATE TABLE `folder` (
  `folderId` int(11) NOT NULL AUTO_INCREMENT,
  `folderName` varchar(255) NOT NULL,
  `parentId` int(11) NOT NULL,
  `userId` int(11) NOT NULL,
  `date` varchar(255) NOT NULL,
  PRIMARY KEY (`folderId`)
) ENGINE=InnoDB AUTO_INCREMENT=6 DEFAULT CHARSET=utf8;
/*!40101 SET character_set_client = @saved_cs_client */;

--
-- Dumping data for table `folder`
--

LOCK TABLES `folder` WRITE;
/*!40000 ALTER TABLE `folder` DISABLE KEYS */;
INSERT INTO `folder` VALUES (1,'home',0,1,'2015-1-1'),(2,'jh',1,1,'2015-1-1'),(3,'aaaa',1,1,'2015-1-1'),(4,'test',2,1,'2011'),(5,'home',0,6,'2015-05-19');
/*!40000 ALTER TABLE `folder` ENABLE KEYS */;
UNLOCK TABLES;

--
-- Table structure for table `follow`
--

DROP TABLE IF EXISTS `follow`;
/*!40101 SET @saved_cs_client     = @@character_set_client */;
/*!40101 SET character_set_client = utf8 */;
CREATE TABLE `follow` (
  `followId` int(11) NOT NULL AUTO_INCREMENT,
  `who` int(11) NOT NULL,
  `target` int(11) NOT NULL,
  PRIMARY KEY (`followId`)
) ENGINE=InnoDB AUTO_INCREMENT=5 DEFAULT CHARSET=utf8;
/*!40101 SET character_set_client = @saved_cs_client */;

--
-- Dumping data for table `follow`
--

LOCK TABLES `follow` WRITE;
/*!40000 ALTER TABLE `follow` DISABLE KEYS */;
INSERT INTO `follow` VALUES (4,2,1);
/*!40000 ALTER TABLE `follow` ENABLE KEYS */;
UNLOCK TABLES;

--
-- Table structure for table `resource`
--

DROP TABLE IF EXISTS `resource`;
/*!40101 SET @saved_cs_client     = @@character_set_client */;
/*!40101 SET character_set_client = utf8 */;
CREATE TABLE `resource` (
  `resourceId` int(11) NOT NULL AUTO_INCREMENT,
  `resourceName` varchar(50) NOT NULL,
  `type` varchar(50) NOT NULL,
  `path` varchar(50) NOT NULL,
  `description` varchar(255) DEFAULT NULL,
  `uploaderId` int(11) NOT NULL,
  `uploadTime` varchar(50) NOT NULL,
  `downloadTimes` int(11) NOT NULL DEFAULT '0',
  `status` int(11) NOT NULL DEFAULT '0',
  `folderId` int(11) NOT NULL DEFAULT '0',
  `process` int(11) DEFAULT '0',
  `size` int(11) NOT NULL,
  PRIMARY KEY (`resourceId`)
) ENGINE=InnoDB AUTO_INCREMENT=4 DEFAULT CHARSET=utf8;
/*!40101 SET character_set_client = @saved_cs_client */;

--
-- Dumping data for table `resource`
--

LOCK TABLES `resource` WRITE;
/*!40000 ALTER TABLE `resource` DISABLE KEYS */;
INSERT INTO `resource` VALUES (1,'myfile','doc','/home/mydir/','aaaaaa',1,'2015-4-20',2,1,1,0,20),(2,'myfile','doc','/home/mydir/','aaaaaa',1,'2015-4-20',2,1,2,0,20),(3,'myfile','doc','/home/mydir/','aaaaaa',1,'2015-4-20',2,1,3,0,20);
/*!40000 ALTER TABLE `resource` ENABLE KEYS */;
UNLOCK TABLES;

--
-- Table structure for table `role`
--

DROP TABLE IF EXISTS `role`;
/*!40101 SET @saved_cs_client     = @@character_set_client */;
/*!40101 SET character_set_client = utf8 */;
CREATE TABLE `role` (
  `roleId` int(11) NOT NULL AUTO_INCREMENT,
  `roleName` varchar(50) NOT NULL,
  PRIMARY KEY (`roleId`)
) ENGINE=InnoDB AUTO_INCREMENT=3 DEFAULT CHARSET=utf8;
/*!40101 SET character_set_client = @saved_cs_client */;

--
-- Dumping data for table `role`
--

LOCK TABLES `role` WRITE;
/*!40000 ALTER TABLE `role` DISABLE KEYS */;
INSERT INTO `role` VALUES (1,'normal'),(2,'admin');
/*!40000 ALTER TABLE `role` ENABLE KEYS */;
UNLOCK TABLES;

--
-- Table structure for table `team`
--

DROP TABLE IF EXISTS `team`;
/*!40101 SET @saved_cs_client     = @@character_set_client */;
/*!40101 SET character_set_client = utf8 */;
CREATE TABLE `team` (
  `teamId` int(11) NOT NULL AUTO_INCREMENT,
  `teamName` varchar(50) NOT NULL,
  PRIMARY KEY (`teamId`) USING BTREE
) ENGINE=InnoDB AUTO_INCREMENT=4 DEFAULT CHARSET=utf8;
/*!40101 SET character_set_client = @saved_cs_client */;

--
-- Dumping data for table `team`
--

LOCK TABLES `team` WRITE;
/*!40000 ALTER TABLE `team` DISABLE KEYS */;
INSERT INTO `team` VALUES (1,'cloud'),(2,'test'),(3,'test2');
/*!40000 ALTER TABLE `team` ENABLE KEYS */;
UNLOCK TABLES;

--
-- Table structure for table `user`
--

DROP TABLE IF EXISTS `user`;
/*!40101 SET @saved_cs_client     = @@character_set_client */;
/*!40101 SET character_set_client = utf8 */;
CREATE TABLE `user` (
  `userId` int(11) NOT NULL AUTO_INCREMENT,
  `userName` varchar(50) NOT NULL,
  `password` varchar(50) NOT NULL,
  `userAccount` varchar(50) NOT NULL,
  PRIMARY KEY (`userId`) USING BTREE
) ENGINE=InnoDB AUTO_INCREMENT=7 DEFAULT CHARSET=utf8;
/*!40101 SET character_set_client = @saved_cs_client */;

--
-- Dumping data for table `user`
--

LOCK TABLES `user` WRITE;
/*!40000 ALTER TABLE `user` DISABLE KEYS */;
INSERT INTO `user` VALUES (1,'yanjunhan','1','yanjunhan'),(2,'test','1','test'),(3,'test1','1','test1'),(4,'test2','11','test2'),(5,'test11','1','test11'),(6,'test12','1','test12');
/*!40000 ALTER TABLE `user` ENABLE KEYS */;
UNLOCK TABLES;

--
-- Table structure for table `user_role`
--

DROP TABLE IF EXISTS `user_role`;
/*!40101 SET @saved_cs_client     = @@character_set_client */;
/*!40101 SET character_set_client = utf8 */;
CREATE TABLE `user_role` (
  `user_roleId` int(11) NOT NULL AUTO_INCREMENT,
  `userId` int(11) NOT NULL,
  `roleId` int(11) NOT NULL,
  PRIMARY KEY (`user_roleId`)
) ENGINE=InnoDB AUTO_INCREMENT=3 DEFAULT CHARSET=utf8;
/*!40101 SET character_set_client = @saved_cs_client */;

--
-- Dumping data for table `user_role`
--

LOCK TABLES `user_role` WRITE;
/*!40000 ALTER TABLE `user_role` DISABLE KEYS */;
INSERT INTO `user_role` VALUES (1,1,1),(2,1,2);
/*!40000 ALTER TABLE `user_role` ENABLE KEYS */;
UNLOCK TABLES;

--
-- Table structure for table `user_team`
--

DROP TABLE IF EXISTS `user_team`;
/*!40101 SET @saved_cs_client     = @@character_set_client */;
/*!40101 SET character_set_client = utf8 */;
CREATE TABLE `user_team` (
  `user_teamId` int(11) NOT NULL AUTO_INCREMENT,
  `userId` int(11) NOT NULL,
  `teamId` int(11) NOT NULL,
  PRIMARY KEY (`user_teamId`) USING BTREE
) ENGINE=InnoDB AUTO_INCREMENT=4 DEFAULT CHARSET=utf8;
/*!40101 SET character_set_client = @saved_cs_client */;

--
-- Dumping data for table `user_team`
--

LOCK TABLES `user_team` WRITE;
/*!40000 ALTER TABLE `user_team` DISABLE KEYS */;
INSERT INTO `user_team` VALUES (1,1,1),(2,1,2),(3,2,1);
/*!40000 ALTER TABLE `user_team` ENABLE KEYS */;
UNLOCK TABLES;
/*!40103 SET TIME_ZONE=@OLD_TIME_ZONE */;

/*!40101 SET SQL_MODE=@OLD_SQL_MODE */;
/*!40014 SET FOREIGN_KEY_CHECKS=@OLD_FOREIGN_KEY_CHECKS */;
/*!40014 SET UNIQUE_CHECKS=@OLD_UNIQUE_CHECKS */;
/*!40101 SET CHARACTER_SET_CLIENT=@OLD_CHARACTER_SET_CLIENT */;
/*!40101 SET CHARACTER_SET_RESULTS=@OLD_CHARACTER_SET_RESULTS */;
/*!40101 SET COLLATION_CONNECTION=@OLD_COLLATION_CONNECTION */;
/*!40111 SET SQL_NOTES=@OLD_SQL_NOTES */;

-- Dump completed on 2015-05-19 18:20:41
